topic,published_at,title,url,description,source_name
construction materials,2025-05-01T18:37:58+00:00,'Other countries have money too': Chinese businesses make threat,https://www.alternet.org/trump-china-tariffs-bbc/,"Economists continue to warn that U.S. President Donald Trump's steep new tariffs will cause prices to soar for a wide range of imported goods. Many building and construction materials, they warn, are imported from Canada — while a long list of fruits and vegetables enter in the United States from Mexico. A variety of products are manufactured in Mainland China, which may face some of the steepest tariffs of all. In an article published on April 30, the BBC's Linda Bicker reports that Mainland China is looking to beef up its relationships with other trading partners in response to Trump's...",alternet
construction materials,2025-04-24T10:20:46+00:00,Flying Robots Unlock New Horizons in Construction,https://www.newswise.com/articles/flying-robots-unlock-new-horizons-in-construction/?sc=rsla,An international team led by researchers from Empa and EPFL has explored how in future aerial robots could process construction materials precisely in the air - an approach with great potential for difficult-to-access locations or work at great heights.,newswise
construction materials,2025-04-23T22:44:00+00:00,"Two charged with stolen farm equipment, firearm after police search in Oliver (Oliver/Osoyoos)",https://www.castanet.net/news/Oliver-Osoyoos/546283/Two-charged-with-stolen-farm-equipment-firearm-after-police-search-in-Oliver,"Two people have been arrested in connection with stolen property, including farming equipment and a firearm, following a police property search. On April 15, RCMP executed a warrant at a property on Road 15, finding two stolen motorcycles, stolen construction material, farming equipment, a firearm a...",Castanet
construction materials,2025-04-22T00:14:10+00:00,Investigators determine cause of Duke’s Roadhouse fire,https://www.inmaricopa.com/investigators-determine-cause-of-dukes-roadhouse-fire/,"More than six weeks after it blazed through the building’s north patio, Maricopa firefighters have deemed the Duke’s Roadhouse fire accidental. The March 8 fire started when “construction materials and [&#8230;]This post Investigators determine cause of Duke’s Roadhouse fire appeared first on InMaricopa.",inmaricopa
construction materials,2025-04-15T03:46:39+00:00,PPS and USFK Acquisition Partners host Joint Industry Day in South Korea [Image 23 of 23],https://www.dvidshub.net/image/8974079/pps-and-usfk-acquisition-partners-host-joint-industry-day-south-korea,"Jean Ross and a Korean employee from Defense Logistics Agency (DLA) Indo-Pacific speaks with a prospective contractor about partnering with the agency at Joint Industry Day, April 9, 2025, in Seoul, South Korea. DLA procures subsistence, clothing, constructional material and medical materials for over 150,000 personnel within the Western Pacific. (U.S. Army photo by Kyongil Yo)",dvidshub
construction materials,2025-04-07T08:15:00+00:00,Industrial Stocks To Consider – April 4th,https://www.etfdailynews.com/2025/04/07/industrial-stocks-to-consider-april-4th/,"Tesla, Broadcom, Micron Technology, Chevron, and American Rebel are the five Industrial stocks to watch today, according to MarketBeat&#8217;s stock screener tool. Industrial stocks are shares in companies that manufacture and distribute capital goods, ranging from machinery and aerospace equipment to construction materials and industrial services. These stocks typically reflect businesses involved in the production [&#8230;]",etfdailynews
construction materials,2025-04-04T19:40:23+00:00,JTF-Bravo completes PANAMAX-Alpha Phase 0 2025 [Image 8 of 10],https://www.dvidshub.net/image/8954517/jtf-bravo-completes-panamax-alpha-phase-0-2025,"U.S. Army Sgt. Brian Vazquez, Joint Task Force-Bravo Headquarters Support Company sling load inspector, loads construction material into a HH-60 Blackhawk during PANAMAX-Alpha Phase 0 in Panama, March 29, 2025. The construction materials were donated to Guna Yala Comarca to support the building of a local school. (U.S. Air Force photo by Staff Sgt. Tristan Biese)",dvidshub
construction materials,2025-04-04T19:40:23+00:00,JTF-Bravo completes PANAMAX-Alpha Phase 0 2025 [Image 7 of 10],https://www.dvidshub.net/image/8954516/jtf-bravo-completes-panamax-alpha-phase-0-2025,"A Joint Task Force-Bravo HH-60 Blackhawk carries construction material during PANAMAX-Alpha Phase 0 in Panama, March 29, 2025. PANAMAX-Alpha is a bilateral exercise between the United States and Panama conducted by JTF-Bravo and supported by the U.S. Southern Command. (Courtesy photo)",dvidshub
construction materials,2025-04-04T19:40:22+00:00,JTF-Bravo completes PANAMAX-Alpha Phase 0 2025 [Image 2 of 10],https://www.dvidshub.net/image/8954497/jtf-bravo-completes-panamax-alpha-phase-0-2025,"U.S. Army Joint Task Force-Bravo Headquarters Support Company Soldiers hook up cargo containing construction material to a HH-60 Blackhawk during PANAMAX-Alpha Phase 0 in Panama, March 29, 2025. JTF-Bravo transported more than 1,000 lbs of construction materials provided by the Ministry of Education to Mamitupu. (U.S. Air Force photo by Staff Sgt. Tristan Biese)",dvidshub
construction materials,2025-04-03T22:16:03+00:00,"Trump spares homebuilders on Canadian and Mexican imports, but China’s tariff hits hard",https://www.housingwire.com/articles/trump-tariffs-china-canada-mexico-nahb-homebuilders/,"President Trump didn’t do homebuilders any favors by imposing a dramatic 54% tariff on China, a critical supplier of construction materials.",housingwire
construction materials,2025-04-01T18:57:47+00:00,North Carolina DOT hurricane recovery to utilize national forest materials,https://landline.media/north-carolina-dot-hurricane-recovery-to-utilize-national-forest-materials/,"Access to construction materials in the Pisgah National Forest has been granted, as North Carolina DOT hurricane recovery efforts continue.",landlinemag
construction materials,2025-04-01T06:02:51+00:00,Top Industrial Stocks To Watch Now – March 30th,https://www.etfdailynews.com/2025/04/01/top-industrial-stocks-to-watch-now-march-30th/,"Tesla, Broadcom, and Micron Technology are the three Industrial stocks to watch today, according to MarketBeat&#8217;s stock screener tool. Industrial stocks are shares of companies involved in the production and distribution of goods essential to the economy, such as machinery, construction materials, aerospace equipment, and related services. Because these companies are often heavily influenced by [&#8230;]",etfdailynews
construction materials,2025-03-31T14:13:43+00:00,Historic Crittenberger school demolished to make way for new child development center [Image 2 of 2],https://www.dvidshub.net/image/8944020/historic-crittenberger-school-demolished-make-way-new-child-development-center,An operator uses the claw attachment to push walls of Crittenberger Elementary School down. The claw allows the operators to break apart portions of the building and sort different construction materials.,dvidshub
construction materials,2025-03-30T18:01:59+00:00,Top Industrial Stocks To Watch Now - March 30th,https://www.marketbeat.com/instant-alerts/top-industrial-stocks-to-watch-now-march-30th-2025-03-30/,"Tesla, Broadcom, and Micron Technology are the three Industrial stocks to watch today, according to MarketBeat's stock screener tool. Industrial stocks are shares of companies involved in the production and distribution of goods essential to the economy, such as machinery, construction materials, a",lulegacy
construction materials,2025-03-25T12:12:07+00:00,Cyprus: Construction Material Prices Up 1.38% Annually in February 2025,https://famagusta-gazette.com/cyprus-construction-material-prices-up-1-38-annually-in-february-2025/,"FAMAGUSTA GAZETTE &#8211; The Price Index of Construction Materials rose by 1.38% in February 2025 compared to the same month last year, reaching 118.56 units (2021=100). Month-over-month, the index increased by 0.82%. Year-over-year, notable category increases included minerals (3.09%), mineral products (3.04%), electromechanical products (1.85%), and products of wood, insulation materials, chemicals, and plastics (0.84%). [&#8230;]",famagusta-gazette
construction materials,2025-03-25T06:34:45+00:00,Holcim Targets Up to 8% Annual Revenue Growth for US Spinoff,https://financialpost.com/pmn/business-pmn/holcim-targets-up-to-8-annual-revenue-growth-for-us-spinoff,Holcim Ltd.’s soon-to-be spun-off US construction materials business Amrize said it will target revenue growth of between 5% and 8% a year through fiscal 2028 as it bets on rising building activity in North America.,business
construction materials,2025-03-22T02:03:49+00:00,Bass issues order to expedite rebuilding of more fire-resistant homes in LA,https://www.dailynews.com/2025/03/21/bass-issues-order-to-expedite-rebuilding-of-more-fire-resistant-homes-in-la/,"The order directs city departments to streamline permitting for homeowners who rebuild all-electric and more fire-resistant homes, promote the use of fire-resistant construction materials.",dailynews
construction materials,2025-03-19T04:50:00+00:00,Construction costs in Cyprus climb as material prices increase in February,https://cyprus-mail.com/2025/03/19/construction-costs-in-cyprus-climb-as-material-prices-increase-in-february,"Cyprus’ Construction Materials Price Index for February 2025 recorded an annual increase of 1.38 per cent, according to the latest data from the Cyprus Statistical Service (Cystat). Meanwhile, prices for the first two months of the year rose by 0.94 per cent. In February, the index reached 118.56 units, with 2021 acting as the base [&#8230;]",cyprus-mail
construction materials,2025-03-15T09:56:50+00:00,Need for expertise to maintain old buildings,https://www.theborneopost.com/2025/03/15/need-for-expertise-to-maintain-old-buildings/,"(March 15): Sabah has a significant number of old reinforced concrete (RC) buildings, many of which were constructed decades ago. These buildings serve residential, commercial and public purposes, and require proper maintenance to ensure they remain safe, functional.and compliant with modern regulations. However, due to the tropical climate, environmental conditions, sub-standard construction material and material [...]The post Need for expertise to maintain old buildings appeared first on Borneo Post Online.",theborneopost
construction materials,2025-03-11T16:01:00+00:00,Vancouver developer decries Canadaâs counter-tariffs on construction materials (Business),https://www.castanet.net/news/Business/537908/Vancouver-developer-decries-Canada-s-counter-tariffs-on-construction-materials,"By imposing retaliatory tariffs on imports from the U.S., Canada may be cutting off its nose to spite its face. That&rsquo;s according to a top Vancouver developer, who said Canada risks a self-destructive reaction to U.S. tariffs by imposing counter-tariffs on 100-plus types of construction materia...",Castanet
construction materials,2025-03-06T23:28:30+00:00,Fire-ravaged Alberta town of Jasper gets more aid from governments,https://torontosun.com/news/national/fire-ravaged-alberta-town-of-jasper-gets-more-aid-from-governments,"JASPER, Alta. &#8212; The federal and Alberta governments are ushering in new support for Jasper as the mountain town continues to rebuild from last summer&#8217;s devastating wildfires. The federal government says $2 million will be spent on a pop-up village for 11 local businesses and a storage workspace for construction materials inside the town&#8217;s small [&#8230;]",torontosun
construction materials,2025-03-05T17:30:13+00:00,WINTRUP: Trade war will make housing even less affordable,https://winnipegsun.com/opinion/wintrup-trade-war-will-make-housing-even-less-affordable,"A trade war between Canada and the United States will impede average people’s access to housing, accelerating the housing crisis for Winnipeggers already painfully suffering on the housing front. Canadian retaliatory tariffs of 25% applied to construction materials flowing north from the United States will drive up the hard construction costs of homebuilding. A compounding [&#8230;]",winklertimes
construction materials,2025-02-26T13:27:15+00:00,UK seeks to ban companies named in Grenfell report from government contracts,https://www.ft.com/content/948e9c02-2173-48dc-b5a0-79e2446f6ee9,Public inquiry into deadly fire has triggered proposals to reform the way construction materials are tested and regulated,Financial Times
construction materials,2025-02-24T19:56:19+00:00,County wants to buy land to improve emergency evacuation routes in Lahaina,https://mauinow.com/2025/02/24/county-wants-to-buy-land-to-improve-emergency-evacuation-routes-in-lahaina/,A council committee backed the $1.7 million purchase of land that could be used in the short term to house volunteers helping with rebuilding and to store construction materials.,mauinow
construction materials,2025-02-22T17:02:16+00:00,County wants to buy land to improve emergency evacuation routes in Lahaina,https://mauinow.com/2025/02/22/county-wants-to-buy-land-to-improve-emergency-evacuation-routes-in-lahaina/,A council committee backed the $1.7 million purchase of land that could be used in the short term to house volunteers helping with rebuilding and to store construction materials.,mauinow
construction materials,2025-02-21T15:01:41+00:00,Naval Station Guantanamo Bay Illegal Alien Holding Operations [Image 14 of 16],https://www.dvidshub.net/image/8880115/naval-station-guantanamo-bay-illegal-alien-holding-operations,"250220-N-EH855-1100 GUANTANAMO BAY, Cuba (February 20, 2025) U.S. service members load construction material onto a truck at Naval Station Guantanamo Bay in support of the Department of Defense and Department of Homeland Security mission to expand the Illegal Alien Holding Operations Center during Operation Southern Guard at Naval Station Guantanamo Bay, Cuba, February 20, 2025. At the direction of the President of the United States to the Department of Homeland Security (DHS) and the Department of Defense, U.S. military service members are supporting removal operations led by DHS at Naval...",dvidshub
construction materials,2025-02-21T15:01:41+00:00,Naval Station Guantanamo Bay Illegal Alien Holding Operations [Image 12 of 16],https://www.dvidshub.net/image/8880113/naval-station-guantanamo-bay-illegal-alien-holding-operations,"250220-N-EH855-1096 GUANTANAMO BAY, Cuba (February 20, 2025) U.S. service members load construction material onto a truck at Naval Station Guantanamo Bay in support of the Department of Defense and Department of Homeland Security mission to expand the Illegal Alien Holding Operations Center during Operation Southern Guard at Naval Station Guantanamo Bay, Cuba, February 20, 2025. At the direction of the President of the United States to the Department of Homeland Security (DHS) and the Department of Defense, U.S. military service members are supporting removal operations led by DHS at Naval...",dvidshub
construction materials,2025-02-21T15:01:40+00:00,Naval Station Guantanamo Bay Illegal Alien Holding Operations [Image 11 of 16],https://www.dvidshub.net/image/8880112/naval-station-guantanamo-bay-illegal-alien-holding-operations,"250220-N-EH855-1092 GUANTANAMO BAY, Cuba (February 20, 2025) A U.S. service member loads construction material onto a truck at Naval Station Guantanamo Bay in support of the Department of Defense and Department of Homeland Security mission to expand the Illegal Alien Holding Operations Center during Operation Southern Guard at Naval Station Guantanamo Bay, Cuba, February 20, 2025. At the direction of the President of the United States to the Department of Homeland Security (DHS) and the Department of Defense, U.S. military service members are supporting removal operations led by DHS at Naval...",dvidshub
construction materials,2025-02-14T09:36:30+00:00,Price growth of building materials in Metro Manila slows in January,https://www.bworldonline.com/economy/2025/02/14/653360/price-growth-of-building-materials-in-metro-manila-slows-in-january/,"Price growth of construction materials in the National Capital Region (NCR) eased in January amid lower interest rates and a weaker peso, the Philippine Statistics Authority (PSA) reported on Friday. According to preliminary data, the January construction materials retail price index (CMRPI) slowed to 1.2% in January, from 1.5% recorded in December and 1.4% reported [&#8230;]",Business World
construction materials,2025-02-13T08:25:59+00:00,Report: Hamas Wants To Continue Deal: “We’ll Release 3 Hostages On Shabbos”,https://www.theyeshivaworld.com/news/israel-news/2364245/report-hamas-wants-to-continue-deal-well-release-3-hostages-on-shabbos.html,"Hamas is committed to continuing the hostage deal and intends to carry out the sixth hostage release on Shabbos and release another three hostages, according to a message on an official Hamas channel on Thursday morning. According to a report in the Saudi news outlet Al Asharq  Saudi news outlet, Hamas confirmed its commitment to the agreement to Egyptian officials. The report added that Hamas conditioned the step on Israel allowing the entry of trailers, tents, heavy equipment, fuel, medications and hospital construction materials into the Gaza Strip. Following US President Donald Trump&#8217...",theyeshivaworld
construction,2025-05-05T09:10:59+00:00,"Schonfeld Strategic Advisors LLC Has $4.57 Million Stock Holdings in Martin Marietta Materials, Inc. (NYSE:MLM)",https://www.marketbeat.com/instant-alerts/schonfeld-strategic-advisors-llc-has-457-million-stock-holdings-in-martin-marietta-materials-inc-nysemlm-2025-05-03/,"Schonfeld Strategic Advisors LLC reduced its stake in shares of Martin Marietta Materials, Inc. (NYSE:MLM - Free Report) by 49.7% during the 4th quarter, according to the company in its most recent 13F filing with the SEC. The institutional investor owned 8,839 shares of the construction company's",lulegacy
construction,2025-05-05T09:10:58+00:00,Schonfeld Strategic Advisors LLC Trims Stock Position in Taylor Morrison Home Co. (NYSE:TMHC),https://www.marketbeat.com/instant-alerts/schonfeld-strategic-advisors-llc-trims-stock-position-in-taylor-morrison-home-co-nysetmhc-2025-05-03/,"Schonfeld Strategic Advisors LLC trimmed its holdings in Taylor Morrison Home Co. (NYSE:TMHC - Free Report) by 44.7% in the 4th quarter, according to its most recent disclosure with the SEC. The firm owned 92,795 shares of the construction company's stock after selling 74,937 shares during the peri",lulegacy
construction,2025-05-05T09:10:30+00:00,Fluor Co. (NYSE:FLR) Shares Acquired by AQR Capital Management LLC,https://www.marketbeat.com/instant-alerts/fluor-co-nyseflr-shares-acquired-by-aqr-capital-management-llc-2025-05-03/,"AQR Capital Management LLC raised its stake in Fluor Co. (NYSE:FLR - Free Report) by 20.0% during the fourth quarter, according to its most recent disclosure with the SEC. The fund owned 663,394 shares of the construction company's stock after buying an additional 110,776 shares during the quarter.",lulegacy
construction,2025-05-05T09:10:22+00:00,"AQR Capital Management LLC Boosts Stock Holdings in D.R. Horton, Inc. (NYSE:DHI)",https://www.marketbeat.com/instant-alerts/aqr-capital-management-llc-boosts-stock-holdings-in-dr-horton-inc-nysedhi-2025-05-03/,"AQR Capital Management LLC increased its stake in shares of D.R. Horton, Inc. (NYSE:DHI - Free Report) by 9.9% in the 4th quarter, according to its most recent 13F filing with the Securities and Exchange Commission (SEC). The institutional investor owned 249,784 shares of the construction company'",lulegacy
construction,2025-05-05T09:10:07+00:00,"AQR Capital Management LLC Sells 35,753 Shares of Vulcan Materials (NYSE:VMC)",https://www.marketbeat.com/instant-alerts/aqr-capital-management-llc-sells-35753-shares-of-vulcan-materials-nysevmc-2025-05-03/,"AQR Capital Management LLC cut its stake in Vulcan Materials (NYSE:VMC - Free Report) by 18.7% in the fourth quarter, according to the company in its most recent filing with the Securities and Exchange Commission (SEC). The fund owned 155,637 shares of the construction company's stock after selling",lulegacy
construction,2025-05-05T09:02:53+00:00,"Northern Trust Corp Purchases 98,533 Shares of UFP Industries, Inc. (NASDAQ:UFPI)",https://www.marketbeat.com/instant-alerts/northern-trust-corp-purchases-98533-shares-of-ufp-industries-inc-nasdaqufpi-2025-05-03/,"Northern Trust Corp increased its position in shares of UFP Industries, Inc. (NASDAQ:UFPI - Free Report) by 9.7% during the 4th quarter, according to its most recent 13F filing with the Securities and Exchange Commission (SEC). The firm owned 1,111,147 shares of the construction company's stock aft",lulegacy
construction,2025-05-05T09:02:51+00:00,Northern Trust Corp Increases Stake in Owens Corning (NYSE:OC),https://www.marketbeat.com/instant-alerts/northern-trust-corp-increases-stake-in-owens-corning-nyseoc-2025-05-03/,"Northern Trust Corp boosted its stake in shares of Owens Corning (NYSE:OC - Free Report) by 27.4% during the 4th quarter, according to the company in its most recent filing with the Securities and Exchange Commission. The fund owned 964,861 shares of the construction company's stock after purchasin",lulegacy
construction,2025-05-05T09:02:48+00:00,"Watsco, Inc. (NYSE:WSO) Shares Purchased by Northern Trust Corp",https://www.marketbeat.com/instant-alerts/watsco-inc-nysewso-shares-purchased-by-northern-trust-corp-2025-05-03/,"Northern Trust Corp boosted its position in shares of Watsco, Inc. (NYSE:WSO - Free Report) by 25.5% during the 4th quarter, according to the company in its most recent disclosure with the Securities &amp; Exchange Commission. The firm owned 333,348 shares of the construction company's stock after",lulegacy
construction,2025-05-05T09:02:34+00:00,"Comfort Systems USA, Inc. (NYSE:FIX) Shares Bought by Northern Trust Corp",https://www.marketbeat.com/instant-alerts/comfort-systems-usa-inc-nysefix-shares-bought-by-northern-trust-corp-2025-05-03/,"Northern Trust Corp grew its holdings in Comfort Systems USA, Inc. (NYSE:FIX - Free Report) by 20.1% during the 4th quarter, according to its most recent Form 13F filing with the Securities and Exchange Commission (SEC). The fund owned 314,821 shares of the construction company's stock after purcha",lulegacy
construction,2025-05-05T09:02:11+00:00,"Martin Marietta Materials, Inc. (NYSE:MLM) Shares Sold by The Manufacturers Life Insurance Company",https://www.marketbeat.com/instant-alerts/martin-marietta-materials-inc-nysemlm-shares-sold-by-the-manufacturers-life-insurance-company-2025-05-03/,"The Manufacturers Life Insurance Company lessened its holdings in shares of Martin Marietta Materials, Inc. (NYSE:MLM - Free Report) by 71.9% in the fourth quarter, according to its most recent filing with the SEC. The firm owned 34,699 shares of the construction company's stock after selling 88,68",lulegacy
construction,2025-05-05T09:02:05+00:00,"The Manufacturers Life Insurance Company Acquires 69,991 Shares of AECOM (NYSE:ACM)",https://www.marketbeat.com/instant-alerts/the-manufacturers-life-insurance-company-acquires-69991-shares-of-aecom-nyseacm-2025-05-03/,"The Manufacturers Life Insurance Company raised its holdings in AECOM (NYSE:ACM - Free Report) by 64.0% in the 4th quarter, according to the company in its most recent 13F filing with the SEC. The fund owned 179,414 shares of the construction company's stock after purchasing an additional 69,991 sh",lulegacy
construction,2025-05-05T09:02:04+00:00,The Manufacturers Life Insurance Company Has $19.22 Million Stock Holdings in Vulcan Materials (NYSE:VMC),https://www.marketbeat.com/instant-alerts/the-manufacturers-life-insurance-company-has-1922-million-stock-holdings-in-vulcan-materials-nysevmc-2025-05-03/,"The Manufacturers Life Insurance Company reduced its stake in shares of Vulcan Materials (NYSE:VMC - Free Report) by 5.9% during the 4th quarter, according to the company in its most recent 13F filing with the SEC. The institutional investor owned 74,736 shares of the construction company's stock",lulegacy
construction,2025-05-05T08:52:12+00:00,Tudor Investment Corp ET AL Has $3.47 Million Stake in Boise Cascade (NYSE:BCC),https://www.marketbeat.com/instant-alerts/tudor-investment-corp-et-al-has-347-million-stake-in-boise-cascade-nysebcc-2025-05-03/,"Tudor Investment Corp ET AL grew its holdings in Boise Cascade (NYSE:BCC - Free Report) by 139.6% during the fourth quarter, according to the company in its most recent Form 13F filing with the SEC. The institutional investor owned 29,164 shares of the construction company's stock after purchasing",lulegacy
construction,2025-05-05T08:52:08+00:00,"Tudor Investment Corp ET AL Has $3.05 Million Stock Holdings in United States Lime & Minerals, Inc. (NASDAQ:USLM)",https://www.marketbeat.com/instant-alerts/tudor-investment-corp-et-al-has-305-million-stock-holdings-in-united-states-lime-minerals-inc-nasdaquslm-2025-05-03/,"Tudor Investment Corp ET AL lowered its stake in United States Lime & Minerals, Inc. (NASDAQ:USLM - Free Report) by 11.9% during the fourth quarter, according to the company in its most recent filing with the SEC. The fund owned 22,961 shares of the construction company's stock after selling 3,087",lulegacy
construction,2025-05-05T08:51:48+00:00,"Public Employees Retirement Association of Colorado Makes New $416,000 Investment in Argan, Inc. (NYSE:AGX)",https://www.marketbeat.com/instant-alerts/public-employees-retirement-association-of-colorado-makes-new-416000-investment-in-argan-inc-nyseagx-2025-05-03/,"Public Employees Retirement Association of Colorado purchased a new stake in Argan, Inc. (NYSE:AGX - Free Report) in the fourth quarter, according to its most recent disclosure with the Securities and Exchange Commission. The institutional investor purchased 3,035 shares of the construction compan",lulegacy
construction,2025-05-05T08:46:58+00:00,"First Trust Advisors LP Sells 27,139 Shares of Quanex Building Products Co. (NYSE:NX)",https://www.etfdailynews.com/2025/05/05/first-trust-advisors-lp-sells-27139-shares-of-quanex-building-products-co-nysenx/,"First Trust Advisors LP trimmed its position in Quanex Building Products Co. (NYSE:NX &#8211; Free Report) by 19.0% in the 4th quarter, according to the company in its most recent disclosure with the Securities & Exchange Commission. The institutional investor owned 115,499 shares of the construction company&#8217;s stock after selling 27,139 shares during the period. [&#8230;]",etfdailynews
construction,2025-05-05T08:43:37+00:00,"Aquatic Capital Management LLC Purchases New Stake in Patrick Industries, Inc. (NASDAQ:PATK)",https://www.marketbeat.com/instant-alerts/aquatic-capital-management-llc-purchases-new-stake-in-patrick-industries-inc-nasdaqpatk-2025-05-03/,"Aquatic Capital Management LLC acquired a new position in Patrick Industries, Inc. (NASDAQ:PATK - Free Report) in the 4th quarter, according to the company in its most recent filing with the Securities and Exchange Commission (SEC). The institutional investor acquired 4,548 shares of the construct",lulegacy
construction,2025-05-05T08:32:48+00:00,"Boothbay Fund Management LLC Makes New Investment in Comfort Systems USA, Inc. (NYSE:FIX)",https://www.marketbeat.com/instant-alerts/boothbay-fund-management-llc-makes-new-investment-in-comfort-systems-usa-inc-nysefix-2025-05-03/,"Boothbay Fund Management LLC acquired a new stake in Comfort Systems USA, Inc. (NYSE:FIX - Free Report) in the fourth quarter, according to its most recent disclosure with the Securities and Exchange Commission (SEC). The fund acquired 749 shares of the construction company's stock, valued at appro",lulegacy
construction,2025-05-05T08:32:45+00:00,"Susquehanna Fundamental Investments LLC Takes $844,000 Position in United Rentals, Inc. (NYSE:URI)",https://www.marketbeat.com/instant-alerts/susquehanna-fundamental-investments-llc-takes-844000-position-in-united-rentals-inc-nyseuri-2025-05-03/,"Susquehanna Fundamental Investments LLC purchased a new position in United Rentals, Inc. (NYSE:URI - Free Report) during the 4th quarter, according to the company in its most recent 13F filing with the Securities and Exchange Commission (SEC). The fund purchased 1,198 shares of the construction com",lulegacy
construction,2025-05-05T08:23:18+00:00,"Voya Investment Management LLC Sells 21,648 Shares of KB Home (NYSE:KBH)",https://www.marketbeat.com/instant-alerts/voya-investment-management-llc-sells-21648-shares-of-kb-home-nysekbh-2025-05-03/,"Voya Investment Management LLC lessened its stake in KB Home (NYSE:KBH - Free Report) by 31.3% during the fourth quarter, according to its most recent filing with the Securities and Exchange Commission. The fund owned 47,558 shares of the construction company's stock after selling 21,648 shares dur",lulegacy
construction,2025-05-05T08:18:50+00:00,"Raymond James Financial Inc. Purchases Shares of 20,985 Winnebago Industries, Inc. (NYSE:WGO)",https://www.etfdailynews.com/2025/05/05/raymond-james-financial-inc-purchases-shares-of-20985-winnebago-industries-inc-nysewgo/,"Raymond James Financial Inc. acquired a new position in shares of Winnebago Industries, Inc. (NYSE:WGO &#8211; Free Report) in the 4th quarter, HoldingsChannel reports. The fund acquired 20,985 shares of the construction company&#8217;s stock, valued at approximately $1,003,000. A number of other institutional investors also recently modified their holdings of the stock. Vanguard Group Inc. [&#8230;]",etfdailynews
construction,2025-05-05T08:15:11+00:00,"Integrated Wealth Concepts LLC Has $479,000 Stock Position in D.R. Horton, Inc. (NYSE:DHI)",https://www.marketbeat.com/instant-alerts/integrated-wealth-concepts-llc-has-479000-stock-position-in-dr-horton-inc-nysedhi-2025-05-03/,"Integrated Wealth Concepts LLC lessened its position in D.R. Horton, Inc. (NYSE:DHI - Free Report) by 49.4% in the fourth quarter, according to its most recent disclosure with the SEC. The firm owned 3,426 shares of the construction company's stock after selling 3,344 shares during the period. Inte",lulegacy
construction,2025-05-05T08:14:51+00:00,"Price T Rowe Associates Inc. MD Decreases Holdings in Advanced Drainage Systems, Inc. (NYSE:WMS)",https://www.marketbeat.com/instant-alerts/price-t-rowe-associates-inc-md-decreases-holdings-in-advanced-drainage-systems-inc-nysewms-2025-05-03/,"Price T Rowe Associates Inc. MD decreased its holdings in Advanced Drainage Systems, Inc. (NYSE:WMS - Free Report) by 22.0% in the fourth quarter, according to its most recent 13F filing with the SEC. The institutional investor owned 99,401 shares of the construction company's stock after selling",lulegacy
construction,2025-05-05T08:14:40+00:00,"Price T Rowe Associates Inc. MD Purchases 9,781 Shares of AECOM (NYSE:ACM)",https://www.marketbeat.com/instant-alerts/price-t-rowe-associates-inc-md-purchases-9781-shares-of-aecom-nyseacm-2025-05-03/,"Price T Rowe Associates Inc. MD increased its holdings in shares of AECOM (NYSE:ACM - Free Report) by 8.8% in the 4th quarter, according to its most recent disclosure with the Securities and Exchange Commission (SEC). The firm owned 120,905 shares of the construction company's stock after purchasin",lulegacy
construction,2025-05-05T08:14:35+00:00,"KBR, Inc. (NYSE:KBR) Shares Sold by Price T Rowe Associates Inc. MD",https://www.marketbeat.com/instant-alerts/kbr-inc-nysekbr-shares-sold-by-price-t-rowe-associates-inc-md-2025-05-03/,"Price T Rowe Associates Inc. MD lowered its stake in shares of KBR, Inc. (NYSE:KBR - Free Report) by 3.3% during the fourth quarter, according to the company in its most recent disclosure with the Securities &amp; Exchange Commission. The fund owned 229,529 shares of the construction company's stoc",lulegacy
construction,2025-05-05T08:14:08+00:00,"Hsbc Holdings PLC Cuts Stake in Dycom Industries, Inc. (NYSE:DY)",https://www.marketbeat.com/instant-alerts/hsbc-holdings-plc-cuts-stake-in-dycom-industries-inc-nysedy-2025-05-03/,"Hsbc Holdings PLC lessened its stake in Dycom Industries, Inc. (NYSE:DY - Free Report) by 32.2% during the 4th quarter, according to its most recent disclosure with the SEC. The institutional investor owned 7,644 shares of the construction company's stock after selling 3,634 shares during the quar",lulegacy
construction,2025-05-05T08:13:55+00:00,"Hsbc Holdings PLC Sells 4,417 Shares of Sterling Infrastructure, Inc. (NASDAQ:STRL)",https://www.marketbeat.com/instant-alerts/hsbc-holdings-plc-sells-4417-shares-of-sterling-infrastructure-inc-nasdaqstrl-2025-05-03/,"Hsbc Holdings PLC trimmed its stake in Sterling Infrastructure, Inc. (NASDAQ:STRL - Free Report) by 33.4% during the fourth quarter, according to its most recent disclosure with the Securities and Exchange Commission (SEC). The firm owned 8,807 shares of the construction company's stock after selli",lulegacy
construction,2025-05-05T08:13:48+00:00,"Stifel Financial Corp Trims Stock Position in Sterling Infrastructure, Inc. (NASDAQ:STRL)",https://www.marketbeat.com/instant-alerts/stifel-financial-corp-trims-stock-position-in-sterling-infrastructure-inc-nasdaqstrl-2025-05-03/,"Stifel Financial Corp reduced its stake in shares of Sterling Infrastructure, Inc. (NASDAQ:STRL - Free Report) by 22.0% during the 4th quarter, according to its most recent filing with the Securities and Exchange Commission (SEC). The institutional investor owned 18,273 shares of the construction",lulegacy
construction,2025-05-05T08:11:06+00:00,"First Trust Advisors LP Sells 23,395 Shares of Great Lakes Dredge & Dock Co. (NASDAQ:GLDD)",https://www.americanbankingnews.com/2025/05/05/first-trust-advisors-lp-sells-23395-shares-of-great-lakes-dredge-dock-co-nasdaqgldd.html,"First Trust Advisors LP decreased its position in Great Lakes Dredge & Dock Co. (NASDAQ:GLDD &#8211; Free Report) by 9.9% in the 4th quarter, according to the company in its most recent 13F filing with the Securities and Exchange Commission (SEC). The institutional investor owned 212,540 shares of the construction company&#8217;s stock after selling 23,395 [&#8230;]",americanbankingnews
construction,2025-05-05T08:10:51+00:00,"First Trust Advisors LP Sells 23,395 Shares of Great Lakes Dredge & Dock Co. (NASDAQ:GLDD)",https://www.etfdailynews.com/2025/05/05/first-trust-advisors-lp-sells-23395-shares-of-great-lakes-dredge-dock-co-nasdaqgldd/,"First Trust Advisors LP trimmed its position in shares of Great Lakes Dredge & Dock Co. (NASDAQ:GLDD &#8211; Free Report) by 9.9% during the fourth quarter, according to its most recent disclosure with the Securities and Exchange Commission. The institutional investor owned 212,540 shares of the construction company&#8217;s stock after selling 23,395 shares during the [&#8230;]",etfdailynews
materials,2025-05-05T09:11:41+00:00,PDT Partners LLC Buys New Stake in International Paper (NYSE:IP),https://www.marketbeat.com/instant-alerts/pdt-partners-llc-buys-new-stake-in-international-paper-nyseip-2025-05-03/,"PDT Partners LLC purchased a new position in International Paper (NYSE:IP - Free Report) during the 4th quarter, according to its most recent disclosure with the SEC. The fund purchased 6,000 shares of the basic materials company's stock, valued at approximately $323,000. A number of other institut",lulegacy
materials,2025-05-05T09:11:30+00:00,PDT Partners LLC Makes New Investment in ICL Group Ltd (NYSE:ICL),https://www.marketbeat.com/instant-alerts/pdt-partners-llc-makes-new-investment-in-icl-group-ltd-nyseicl-2025-05-03/,"PDT Partners LLC acquired a new stake in shares of ICL Group Ltd (NYSE:ICL - Free Report) in the fourth quarter, according to the company in its most recent 13F filing with the Securities and Exchange Commission (SEC). The firm acquired 56,933 shares of the basic materials company's stock, valued a",lulegacy
materials,2025-05-05T09:11:26+00:00,"Schonfeld Strategic Advisors LLC Sells 52,501 Shares of ATI Inc. (NYSE:ATI)",https://www.marketbeat.com/instant-alerts/schonfeld-strategic-advisors-llc-sells-52501-shares-of-ati-inc-nyseati-2025-05-03/,"Schonfeld Strategic Advisors LLC reduced its holdings in shares of ATI Inc. (NYSE:ATI - Free Report) by 41.1% in the 4th quarter, according to its most recent filing with the Securities and Exchange Commission. The firm owned 75,368 shares of the basic materials company's stock after selling 52,501",lulegacy
materials,2025-05-05T09:10:59+00:00,"Schonfeld Strategic Advisors LLC Has $4.57 Million Stock Holdings in Martin Marietta Materials, Inc. (NYSE:MLM)",https://www.marketbeat.com/instant-alerts/schonfeld-strategic-advisors-llc-has-457-million-stock-holdings-in-martin-marietta-materials-inc-nysemlm-2025-05-03/,"Schonfeld Strategic Advisors LLC reduced its stake in shares of Martin Marietta Materials, Inc. (NYSE:MLM - Free Report) by 49.7% during the 4th quarter, according to the company in its most recent 13F filing with the SEC. The institutional investor owned 8,839 shares of the construction company's",lulegacy
materials,2025-05-05T09:10:58+00:00,Schonfeld Strategic Advisors LLC Has $5.09 Million Stock Holdings in Southern Copper Co. (NYSE:SCCO),https://www.marketbeat.com/instant-alerts/schonfeld-strategic-advisors-llc-has-509-million-stock-holdings-in-southern-copper-co-nysescco-2025-05-03/,"Schonfeld Strategic Advisors LLC boosted its position in Southern Copper Co. (NYSE:SCCO - Free Report) by 15.7% in the 4th quarter, according to its most recent filing with the SEC. The fund owned 55,800 shares of the basic materials company's stock after purchasing an additional 7,574 shares durin",lulegacy
materials,2025-05-05T09:10:43+00:00,"Schonfeld Strategic Advisors LLC Sells 6,980 Shares of Nucor Co. (NYSE:NUE)",https://www.marketbeat.com/instant-alerts/schonfeld-strategic-advisors-llc-sells-6980-shares-of-nucor-co-nysenue-2025-05-03/,"Schonfeld Strategic Advisors LLC lowered its stake in shares of Nucor Co. (NYSE:NUE - Free Report) by 12.9% during the 4th quarter, according to the company in its most recent 13F filing with the SEC. The institutional investor owned 47,108 shares of the basic materials company's stock after selli",lulegacy
materials,2025-05-05T09:10:35+00:00,Schonfeld Strategic Advisors LLC Raises Stock Position in Carpenter Technology Co. (NYSE:CRS),https://www.marketbeat.com/instant-alerts/schonfeld-strategic-advisors-llc-raises-stock-position-in-carpenter-technology-co-nysecrs-2025-05-03/,"Schonfeld Strategic Advisors LLC increased its holdings in shares of Carpenter Technology Co. (NYSE:CRS - Free Report) by 395.3% in the fourth quarter, according to the company in its most recent filing with the Securities and Exchange Commission. The firm owned 33,389 shares of the basic materials",lulegacy
materials,2025-05-05T09:10:09+00:00,"AQR Capital Management LLC Sells 566,866 Shares of Huntsman Co. (NYSE:HUN)",https://www.marketbeat.com/instant-alerts/aqr-capital-management-llc-sells-566866-shares-of-huntsman-co-nysehun-2025-05-03/,"AQR Capital Management LLC lessened its stake in shares of Huntsman Co. (NYSE:HUN - Free Report) by 20.3% in the 4th quarter, according to its most recent disclosure with the SEC. The firm owned 2,227,049 shares of the basic materials company's stock after selling 566,866 shares during the period.",lulegacy
materials,2025-05-05T09:10:07+00:00,"AQR Capital Management LLC Sells 35,753 Shares of Vulcan Materials (NYSE:VMC)",https://www.marketbeat.com/instant-alerts/aqr-capital-management-llc-sells-35753-shares-of-vulcan-materials-nysevmc-2025-05-03/,"AQR Capital Management LLC cut its stake in Vulcan Materials (NYSE:VMC - Free Report) by 18.7% in the fourth quarter, according to the company in its most recent filing with the Securities and Exchange Commission (SEC). The fund owned 155,637 shares of the construction company's stock after selling",lulegacy
materials,2025-05-05T09:09:57+00:00,"AQR Capital Management LLC Sells 211,209 Shares of Bunge Global SA (NYSE:BG)",https://www.marketbeat.com/instant-alerts/aqr-capital-management-llc-sells-211209-shares-of-bunge-global-sa-nysebg-2025-05-03/,"AQR Capital Management LLC cut its stake in shares of Bunge Global SA (NYSE:BG - Free Report) by 27.7% during the 4th quarter, according to its most recent 13F filing with the Securities and Exchange Commission. The fund owned 551,614 shares of the basic materials company's stock after selling 211,",lulegacy
materials,2025-05-05T09:09:55+00:00,"AQR Capital Management LLC Increases Position in DuPont de Nemours, Inc. (NYSE:DD)",https://www.marketbeat.com/instant-alerts/aqr-capital-management-llc-increases-position-in-dupont-de-nemours-inc-nysedd-2025-05-03/,"AQR Capital Management LLC increased its stake in shares of DuPont de Nemours, Inc. (NYSE:DD - Free Report) by 15.4% in the fourth quarter, according to its most recent 13F filing with the Securities and Exchange Commission (SEC). The fund owned 569,730 shares of the basic materials company's stock",lulegacy
materials,2025-05-05T09:02:41+00:00,Northern Trust Corp Has $125.78 Million Stake in Eastman Chemical (NYSE:EMN),https://www.marketbeat.com/instant-alerts/northern-trust-corp-has-12578-million-stake-in-eastman-chemical-nyseemn-2025-05-03/,"Northern Trust Corp lifted its position in Eastman Chemical (NYSE:EMN - Free Report) by 10.3% in the 4th quarter, according to the company in its most recent 13F filing with the Securities and Exchange Commission (SEC). The institutional investor owned 1,377,400 shares of the basic materials compa",lulegacy
materials,2025-05-05T09:02:38+00:00,"Northern Trust Corp Purchases 287,493 Shares of The Mosaic Company (NYSE:MOS)",https://www.marketbeat.com/instant-alerts/northern-trust-corp-purchases-287493-shares-of-the-mosaic-company-nysemos-2025-05-03/,"Northern Trust Corp increased its position in shares of The Mosaic Company (NYSE:MOS - Free Report) by 5.9% in the 4th quarter, according to the company in its most recent filing with the Securities and Exchange Commission. The firm owned 5,171,642 shares of the basic materials company's stock afte",lulegacy
materials,2025-05-05T09:02:11+00:00,"Martin Marietta Materials, Inc. (NYSE:MLM) Shares Sold by The Manufacturers Life Insurance Company",https://www.marketbeat.com/instant-alerts/martin-marietta-materials-inc-nysemlm-shares-sold-by-the-manufacturers-life-insurance-company-2025-05-03/,"The Manufacturers Life Insurance Company lessened its holdings in shares of Martin Marietta Materials, Inc. (NYSE:MLM - Free Report) by 71.9% in the fourth quarter, according to its most recent filing with the SEC. The firm owned 34,699 shares of the construction company's stock after selling 88,68",lulegacy
materials,2025-05-05T09:02:04+00:00,The Manufacturers Life Insurance Company Has $19.22 Million Stock Holdings in Vulcan Materials (NYSE:VMC),https://www.marketbeat.com/instant-alerts/the-manufacturers-life-insurance-company-has-1922-million-stock-holdings-in-vulcan-materials-nysevmc-2025-05-03/,"The Manufacturers Life Insurance Company reduced its stake in shares of Vulcan Materials (NYSE:VMC - Free Report) by 5.9% during the 4th quarter, according to the company in its most recent 13F filing with the SEC. The institutional investor owned 74,736 shares of the construction company's stock",lulegacy
materials,2025-05-05T09:00:00+00:00,Thunderbolts*’ writer didn’t know Marvel cut his Taskmaster arc until he saw the movie,https://www.polygon.com/marvel/596372/thunderbolts-taskmaster-death-planned-story-arc,"Ever since the first Thunderbolts* trailer came out, sharp-eyed Marvel Cinematic Universe fans have been theorizing about one particular gap between the cast list and the footage released. Black Widow villain Antonia Dreykov, aka Taskmaster (Olga Kurylenko), appears on the movie’s poster and marketing, but is noticeably absent from other scenes and shots in the promotional material, leading to speculation that her role in the movie is fairly minimal. That wound up being true —&nbsp;though original Thunderbolts*&nbsp; screenwriter Eric Pearson (Black Widow, Fantastic Four: First Steps) tells...",Polygon
materials,2025-05-05T08:55:01+00:00,Fortuna Silver Mines Inc. (NYSE:FSM) Stock Holdings Lifted by Dimensional Fund Advisors LP,https://www.etfdailynews.com/2025/05/05/fortuna-silver-mines-inc-nysefsm-stock-holdings-lifted-by-dimensional-fund-advisors-lp/,"Dimensional Fund Advisors LP lifted its holdings in shares of Fortuna Silver Mines Inc. (NYSE:FSM &#8211; Free Report) (TSE:FVI) by 10.5% in the fourth quarter, according to the company in its most recent filing with the Securities & Exchange Commission. The fund owned 8,402,119 shares of the basic materials company&#8217;s stock after buying an additional [&#8230;]",etfdailynews
materials,2025-05-05T08:54:56+00:00,"Freestone Grove Partners LP Invests $316,000 in Newmont Co. (NYSE:NEM)",https://www.marketbeat.com/instant-alerts/freestone-grove-partners-lp-invests-316000-in-newmont-co-nysenem-2025-05-05/,"Freestone Grove Partners LP bought a new stake in Newmont Co. (NYSE:NEM - Free Report) in the 4th quarter, according to its most recent disclosure with the Securities and Exchange Commission (SEC). The institutional investor bought 8,497 shares of the basic materials company's stock, valued at app",lulegacy
materials,2025-05-05T08:54:24+00:00,Comerica Bank Decreases Stock Position in Newmont Co. (NYSE:NEM),https://www.marketbeat.com/instant-alerts/comerica-bank-decreases-stock-position-in-newmont-co-nysenem-2025-05-05/,"Comerica Bank cut its holdings in Newmont Co. (NYSE:NEM - Free Report) by 22.5% during the 4th quarter, according to its most recent 13F filing with the Securities and Exchange Commission. The institutional investor owned 146,944 shares of the basic materials company's stock after selling 42,608 s",lulegacy
materials,2025-05-05T08:52:09+00:00,Valvoline Inc. (NYSE:VVV) Stake Boosted by Tudor Investment Corp ET AL,https://www.marketbeat.com/instant-alerts/valvoline-inc-nysevvv-stake-boosted-by-tudor-investment-corp-et-al-2025-05-03/,"Tudor Investment Corp ET AL grew its position in Valvoline Inc. (NYSE:VVV - Free Report) by 386.6% in the 4th quarter, according to the company in its most recent Form 13F filing with the Securities and Exchange Commission (SEC). The firm owned 96,248 shares of the basic materials company's stock a",lulegacy
materials,2025-05-05T08:43:10+00:00,"Boothbay Fund Management LLC Makes New $271,000 Investment in The Mosaic Company (NYSE:MOS)",https://www.marketbeat.com/instant-alerts/boothbay-fund-management-llc-makes-new-271000-investment-in-the-mosaic-company-nysemos-2025-05-03/,"Boothbay Fund Management LLC bought a new stake in shares of The Mosaic Company (NYSE:MOS - Free Report) during the 4th quarter, according to its most recent 13F filing with the Securities and Exchange Commission. The institutional investor bought 11,038 shares of the basic materials company's sto",lulegacy
materials,2025-05-05T08:37:00+00:00,"NewEdge Advisors LLC Purchases 1,000 Shares of Ternium S.A. (NYSE:TX)",https://www.etfdailynews.com/2025/05/05/newedge-advisors-llc-purchases-1000-shares-of-ternium-s-a-nysetx/,"NewEdge Advisors LLC lifted its position in shares of Ternium S.A. (NYSE:TX &#8211; Free Report) by 500.0% during the fourth quarter, HoldingsChannel reports. The firm owned 1,200 shares of the basic materials company&#8217;s stock after buying an additional 1,000 shares during the quarter. NewEdge Advisors LLC&#8217;s holdings in Ternium were worth $35,000 at the end [&#8230;]",etfdailynews
materials,2025-05-05T08:32:43+00:00,"Susquehanna Fundamental Investments LLC Acquires Shares of 49,257 Radius Recycling, Inc. (NASDAQ:RDUS)",https://www.marketbeat.com/instant-alerts/susquehanna-fundamental-investments-llc-acquires-shares-of-49257-radius-recycling-inc-nasdaqrdus-2025-05-03/,"Susquehanna Fundamental Investments LLC bought a new position in Radius Recycling, Inc. (NASDAQ:RDUS - Free Report) during the 4th quarter, according to the company in its most recent Form 13F filing with the Securities &amp; Exchange Commission. The fund bought 49,257 shares of the basic materials",lulegacy
materials,2025-05-05T08:32:30+00:00,"Susquehanna Fundamental Investments LLC Invests $683,000 in Minerals Technologies Inc. (NYSE:MTX)",https://www.marketbeat.com/instant-alerts/susquehanna-fundamental-investments-llc-invests-683000-in-minerals-technologies-inc-nysemtx-2025-05-03/,"Susquehanna Fundamental Investments LLC purchased a new stake in Minerals Technologies Inc. (NYSE:MTX - Free Report) in the 4th quarter, according to its most recent filing with the Securities &amp; Exchange Commission. The fund purchased 8,958 shares of the basic materials company's stock, valued",lulegacy
materials,2025-05-05T08:31:43+00:00,Hecla Mining (NYSE:HL) Position Lowered by Two Sigma Securities LLC,https://www.marketbeat.com/instant-alerts/hecla-mining-nysehl-position-lowered-by-two-sigma-securities-llc-2025-05-03/,"Two Sigma Securities LLC reduced its position in Hecla Mining (NYSE:HL - Free Report) by 90.1% in the 4th quarter, according to the company in its most recent Form 13F filing with the Securities &amp; Exchange Commission. The fund owned 12,324 shares of the basic materials company's stock after sel",lulegacy
materials,2025-05-05T08:30:47+00:00,"Coeur Mining, Inc. (NYSE:CDE) Stock Holdings Lowered by Tower Research Capital LLC TRC",https://www.etfdailynews.com/2025/05/05/coeur-mining-inc-nysecde-stock-holdings-lowered-by-tower-research-capital-llc-trc/,"Tower Research Capital LLC TRC lessened its position in Coeur Mining, Inc. (NYSE:CDE &#8211; Free Report) by 63.5% during the fourth quarter, according to the company in its most recent 13F filing with the Securities & Exchange Commission. The firm owned 41,476 shares of the basic materials company&#8217;s stock after selling 72,227 shares during the [&#8230;]",etfdailynews
materials,2025-05-05T08:23:44+00:00,"Kovitz Investment Group Partners LLC Purchases Shares of 2,259 Steel Dynamics, Inc. (NASDAQ:STLD)",https://www.marketbeat.com/instant-alerts/kovitz-investment-group-partners-llc-purchases-shares-of-2259-steel-dynamics-inc-nasdaqstld-2025-05-03/,"Kovitz Investment Group Partners LLC acquired a new stake in shares of Steel Dynamics, Inc. (NASDAQ:STLD - Free Report) in the 4th quarter, according to the company in its most recent Form 13F filing with the SEC. The institutional investor acquired 2,259 shares of the basic materials company's st",lulegacy
materials,2025-05-05T08:23:14+00:00,"Voya Investment Management LLC Acquires 10,735 Shares of ATI Inc. (NYSE:ATI)",https://www.marketbeat.com/instant-alerts/voya-investment-management-llc-acquires-10735-shares-of-ati-inc-nyseati-2025-05-03/,"Voya Investment Management LLC increased its stake in shares of ATI Inc. (NYSE:ATI - Free Report) by 22.6% in the fourth quarter, according to its most recent Form 13F filing with the SEC. The fund owned 58,191 shares of the basic materials company's stock after buying an additional 10,735 shares d",lulegacy
materials,2025-05-05T08:23:06+00:00,MP Materials Corp. (NYSE:MP) Shares Bought by Dimensional Fund Advisors LP,https://www.americanbankingnews.com/2025/05/05/mp-materials-corp-nysemp-shares-bought-by-dimensional-fund-advisors-lp.html,MP Materials Corp. (NYSE:MP) Shares Bought by Dimensional Fund Advisors LP,americanbankingnews
materials,2025-05-05T08:23:04+00:00,Voya Investment Management LLC Cuts Stock Holdings in Rayonier Advanced Materials Inc. (NYSE:RYAM),https://www.marketbeat.com/instant-alerts/voya-investment-management-llc-cuts-stock-holdings-in-rayonier-advanced-materials-inc-nyseryam-2025-05-03/,"Voya Investment Management LLC cut its position in shares of Rayonier Advanced Materials Inc. (NYSE:RYAM - Free Report) by 43.5% during the fourth quarter, according to its most recent Form 13F filing with the SEC. The institutional investor owned 328,421 shares of the basic materials company's st",lulegacy
sustainable building materials,2025-04-24T08:01:58+00:00,World’s first Low Carbon Ratings system for Cement and Concrete launches,https://financialpost.com/pmn/business-wire-news-releases-pmn/worlds-first-low-carbon-ratings-system-for-cement-and-concrete-launches,"Global system aims to incentivise procurement of more sustainable building materials System will provide transparency and trust, and help governments and businesses identify and buy more sustainable cement and concrete, the world’s most used substance after water LONDON &#8212; The Global Cement and Concrete Association (GCCA) announces the launch of Low Carbon Ratings (LCR) [&#8230;]",Financial Post | Canada Business News
sustainable building materials,2025-04-11T07:00:00+00:00,Sustainable building material extracted from seawater,https://www.advancedsciencenews.com/sustainable-building-material-extracted-from-seawater/,"A sand-like material can be extracted from seawater by adding carbon dioxide, potentially making the building industry more sustainable.The post Sustainable building material extracted from seawater appeared first on Advanced Science News.",Advanced Science News
recycled concrete,2025-03-30T16:16:07+00:00,"Temporary Debris Staging and Reduction Site - Temescal Canyon Road, Palisades [Image 22 of 23]",https://www.dvidshub.net/image/8943083/temporary-debris-staging-and-reduction-site-temescal-canyon-road-palisades,"Temescal Canyon Road is playing a key role in wildfire recovery by recycling concrete and debris while it is being used as a Temporary Debris Staging and Reduction site in Pacific Palisades, California, March 28, 2025.The U.S. Army Corps of Engineers, in collaboration with federal, state, and local partners, is working safely and quickly to remove wildfire ash and debris from nearly 13,600 homes, paving the way for community rebuilding efforts. (U.S. Army Corps of Engineers photo by Christopher Rosario)",dvidshub
recycled concrete,2025-03-30T16:16:06+00:00,"Temporary Debris Staging and Reduction Site - Temescal Canyon Road, Palisades [Image 23 of 23]",https://www.dvidshub.net/image/8943084/temporary-debris-staging-and-reduction-site-temescal-canyon-road-palisades,"Temescal Canyon Road is playing a key role in wildfire recovery by recycling concrete and debris while it is being used as a Temporary Debris Staging and Reduction site in Pacific Palisades, California, March 28, 2025.The U.S. Army Corps of Engineers, in collaboration with federal, state, and local partners, is working safely and quickly to remove wildfire ash and debris from nearly 13,600 homes, paving the way for community rebuilding efforts. (U.S. Army Corps of Engineers photo by Christopher Rosario)",dvidshub
recycled concrete,2025-03-30T16:16:06+00:00,"Temporary Debris Staging and Reduction Site - Temescal Canyon Road, Palisades [Image 17 of 23]",https://www.dvidshub.net/image/8943078/temporary-debris-staging-and-reduction-site-temescal-canyon-road-palisades,"Temescal Canyon Road is playing a key role in wildfire recovery by recycling concrete and debris while it is being used as a Temporary Debris Staging and Reduction site in Pacific Palisades, California, March 28, 2025.The U.S. Army Corps of Engineers, in collaboration with federal, state, and local partners, is working safely and quickly to remove wildfire ash and debris from nearly 13,600 homes, paving the way for community rebuilding efforts. (U.S. Army Corps of Engineers photo by Christopher Rosario)",dvidshub
recycled concrete,2025-03-30T16:16:05+00:00,"Temporary Debris Staging and Reduction Site - Temescal Canyon Road, Palisades [Image 19 of 23]",https://www.dvidshub.net/image/8943080/temporary-debris-staging-and-reduction-site-temescal-canyon-road-palisades,"Temescal Canyon Road is playing a key role in wildfire recovery by recycling concrete and debris while it is being used as a Temporary Debris Staging and Reduction site in Pacific Palisades, California, March 28, 2025.The U.S. Army Corps of Engineers, in collaboration with federal, state, and local partners, is working safely and quickly to remove wildfire ash and debris from nearly 13,600 homes, paving the way for community rebuilding efforts. (U.S. Army Corps of Engineers photo by Christopher Rosario)",dvidshub
recycled concrete,2025-03-30T16:16:05+00:00,"Temporary Debris Staging and Reduction Site - Temescal Canyon Road, Palisades [Image 21 of 23]",https://www.dvidshub.net/image/8943082/temporary-debris-staging-and-reduction-site-temescal-canyon-road-palisades,"Temescal Canyon Road is playing a key role in wildfire recovery by recycling concrete and debris while it is being used as a Temporary Debris Staging and Reduction site in Pacific Palisades, California, March 28, 2025.The U.S. Army Corps of Engineers, in collaboration with federal, state, and local partners, is working safely and quickly to remove wildfire ash and debris from nearly 13,600 homes, paving the way for community rebuilding efforts. (U.S. Army Corps of Engineers photo by Christopher Rosario)",dvidshub
recycled concrete,2025-03-30T16:16:05+00:00,"Temporary Debris Staging and Reduction Site - Temescal Canyon Road, Palisades [Image 20 of 23]",https://www.dvidshub.net/image/8943081/temporary-debris-staging-and-reduction-site-temescal-canyon-road-palisades,"Temescal Canyon Road is playing a key role in wildfire recovery by recycling concrete and debris while it is being used as a Temporary Debris Staging and Reduction site in Pacific Palisades, California, March 28, 2025.The U.S. Army Corps of Engineers, in collaboration with federal, state, and local partners, is working safely and quickly to remove wildfire ash and debris from nearly 13,600 homes, paving the way for community rebuilding efforts. (U.S. Army Corps of Engineers photo by Christopher Rosario)",dvidshub
recycled concrete,2025-03-30T16:16:05+00:00,"Temporary Debris Staging and Reduction Site - Temescal Canyon Road, Palisades [Image 18 of 23]",https://www.dvidshub.net/image/8943079/temporary-debris-staging-and-reduction-site-temescal-canyon-road-palisades,"Temescal Canyon Road is playing a key role in wildfire recovery by recycling concrete and debris while it is being used as a Temporary Debris Staging and Reduction site in Pacific Palisades, California, March 28, 2025.The U.S. Army Corps of Engineers, in collaboration with federal, state, and local partners, is working safely and quickly to remove wildfire ash and debris from nearly 13,600 homes, paving the way for community rebuilding efforts. (U.S. Army Corps of Engineers photo by Christopher Rosario)",dvidshub
recycled concrete,2025-03-30T16:16:04+00:00,"Temporary Debris Staging and Reduction Site - Temescal Canyon Road, Palisades [Image 15 of 23]",https://www.dvidshub.net/image/8943076/temporary-debris-staging-and-reduction-site-temescal-canyon-road-palisades,"Temescal Canyon Road is playing a key role in wildfire recovery by recycling concrete and debris while it is being used as a Temporary Debris Staging and Reduction site in Pacific Palisades, California, March 28, 2025.The U.S. Army Corps of Engineers, in collaboration with federal, state, and local partners, is working safely and quickly to remove wildfire ash and debris from nearly 13,600 homes, paving the way for community rebuilding efforts. (U.S. Army Corps of Engineers photo by Christopher Rosario)",dvidshub
recycled concrete,2025-03-30T16:16:04+00:00,"Temporary Debris Staging and Reduction Site - Temescal Canyon Road, Palisades [Image 16 of 23]",https://www.dvidshub.net/image/8943077/temporary-debris-staging-and-reduction-site-temescal-canyon-road-palisades,"Temescal Canyon Road is playing a key role in wildfire recovery by recycling concrete and debris while it is being used as a Temporary Debris Staging and Reduction site in Pacific Palisades, California, March 28, 2025.The U.S. Army Corps of Engineers, in collaboration with federal, state, and local partners, is working safely and quickly to remove wildfire ash and debris from nearly 13,600 homes, paving the way for community rebuilding efforts. (U.S. Army Corps of Engineers photo by Christopher Rosario)",dvidshub
recycled concrete,2025-03-30T16:16:03+00:00,"Temporary Debris Staging and Reduction Site - Temescal Canyon Road, Palisades [Image 14 of 23]",https://www.dvidshub.net/image/8943075/temporary-debris-staging-and-reduction-site-temescal-canyon-road-palisades,"Temescal Canyon Road is playing a key role in wildfire recovery by recycling concrete and debris while it is being used as a Temporary Debris Staging and Reduction site in Pacific Palisades, California, March 28, 2025.The U.S. Army Corps of Engineers, in collaboration with federal, state, and local partners, is working safely and quickly to remove wildfire ash and debris from nearly 13,600 homes, paving the way for community rebuilding efforts. (U.S. Army Corps of Engineers photo by Christopher Rosario)",dvidshub
recycled concrete,2025-03-30T16:16:02+00:00,"Temporary Debris Staging and Reduction Site - Temescal Canyon Road, Palisades [Image 12 of 23]",https://www.dvidshub.net/image/8943073/temporary-debris-staging-and-reduction-site-temescal-canyon-road-palisades,"Temescal Canyon Road is playing a key role in wildfire recovery by recycling concrete and debris while it is being used as a Temporary Debris Staging and Reduction site in Pacific Palisades, California, March 28, 2025.The U.S. Army Corps of Engineers, in collaboration with federal, state, and local partners, is working safely and quickly to remove wildfire ash and debris from nearly 13,600 homes, paving the way for community rebuilding efforts. (U.S. Army Corps of Engineers photo by Christopher Rosario)",dvidshub
recycled concrete,2025-03-30T16:16:02+00:00,"Temporary Debris Staging and Reduction Site - Temescal Canyon Road, Palisades [Image 11 of 23]",https://www.dvidshub.net/image/8943072/temporary-debris-staging-and-reduction-site-temescal-canyon-road-palisades,"Temescal Canyon Road is playing a key role in wildfire recovery by recycling concrete and debris while it is being used as a Temporary Debris Staging and Reduction site in Pacific Palisades, California, March 28, 2025.The U.S. Army Corps of Engineers, in collaboration with federal, state, and local partners, is working safely and quickly to remove wildfire ash and debris from nearly 13,600 homes, paving the way for community rebuilding efforts. (U.S. Army Corps of Engineers photo by Christopher Rosario)",dvidshub
recycled concrete,2025-03-30T16:16:02+00:00,"Temporary Debris Staging and Reduction Site - Temescal Canyon Road, Palisades [Image 13 of 23]",https://www.dvidshub.net/image/8943074/temporary-debris-staging-and-reduction-site-temescal-canyon-road-palisades,"Temescal Canyon Road is playing a key role in wildfire recovery by recycling concrete and debris while it is being used as a Temporary Debris Staging and Reduction site in Pacific Palisades, California, March 28, 2025.The U.S. Army Corps of Engineers, in collaboration with federal, state, and local partners, is working safely and quickly to remove wildfire ash and debris from nearly 13,600 homes, paving the way for community rebuilding efforts. (U.S. Army Corps of Engineers photo by Christopher Rosario)",dvidshub
recycled concrete,2025-03-30T16:16:01+00:00,"Temporary Debris Staging and Reduction Site - Temescal Canyon Road, Palisades [Image 10 of 23]",https://www.dvidshub.net/image/8943071/temporary-debris-staging-and-reduction-site-temescal-canyon-road-palisades,"Temescal Canyon Road is playing a key role in wildfire recovery by recycling concrete and debris while it is being used as a Temporary Debris Staging and Reduction site in Pacific Palisades, California, March 28, 2025.The U.S. Army Corps of Engineers, in collaboration with federal, state, and local partners, is working safely and quickly to remove wildfire ash and debris from nearly 13,600 homes, paving the way for community rebuilding efforts. (U.S. Army Corps of Engineers photo by Christopher Rosario)",dvidshub
recycled concrete,2025-03-30T16:16:01+00:00,"Temporary Debris Staging and Reduction Site - Temescal Canyon Road, Palisades [Image 9 of 23]",https://www.dvidshub.net/image/8943070/temporary-debris-staging-and-reduction-site-temescal-canyon-road-palisades,"Temescal Canyon Road is playing a key role in wildfire recovery by recycling concrete and debris while it is being used as a Temporary Debris Staging and Reduction site in Pacific Palisades, California, March 28, 2025.The U.S. Army Corps of Engineers, in collaboration with federal, state, and local partners, is working safely and quickly to remove wildfire ash and debris from nearly 13,600 homes, paving the way for community rebuilding efforts. (U.S. Army Corps of Engineers photo by Christopher Rosario)",dvidshub
recycled concrete,2025-03-30T16:16:00+00:00,"Temporary Debris Staging and Reduction Site - Temescal Canyon Road, Palisades [Image 7 of 23]",https://www.dvidshub.net/image/8943068/temporary-debris-staging-and-reduction-site-temescal-canyon-road-palisades,"Temescal Canyon Road is playing a key role in wildfire recovery by recycling concrete and debris while it is being used as a Temporary Debris Staging and Reduction site in Pacific Palisades, California, March 28, 2025.The U.S. Army Corps of Engineers, in collaboration with federal, state, and local partners, is working safely and quickly to remove wildfire ash and debris from nearly 13,600 homes, paving the way for community rebuilding efforts. (U.S. Army Corps of Engineers photo by Christopher Rosario)",dvidshub
recycled concrete,2025-03-30T16:15:59+00:00,"Temporary Debris Staging and Reduction Site - Temescal Canyon Road, Palisades [Image 8 of 23]",https://www.dvidshub.net/image/8943069/temporary-debris-staging-and-reduction-site-temescal-canyon-road-palisades,"Temescal Canyon Road is playing a key role in wildfire recovery by recycling concrete and debris while it is being used as a Temporary Debris Staging and Reduction site in Pacific Palisades, California, March 28, 2025.The U.S. Army Corps of Engineers, in collaboration with federal, state, and local partners, is working safely and quickly to remove wildfire ash and debris from nearly 13,600 homes, paving the way for community rebuilding efforts. (U.S. Army Corps of Engineers photo by Christopher Rosario)",dvidshub
recycled concrete,2025-03-30T16:15:59+00:00,"Temporary Debris Staging and Reduction Site - Temescal Canyon Road, Palisades [Image 6 of 23]",https://www.dvidshub.net/image/8943067/temporary-debris-staging-and-reduction-site-temescal-canyon-road-palisades,"Temescal Canyon Road is playing a key role in wildfire recovery by recycling concrete and debris while it is being used as a Temporary Debris Staging and Reduction site in Pacific Palisades, California, March 28, 2025.The U.S. Army Corps of Engineers, in collaboration with federal, state, and local partners, is working safely and quickly to remove wildfire ash and debris from nearly 13,600 homes, paving the way for community rebuilding efforts. (U.S. Army Corps of Engineers photo by Christopher Rosario)",dvidshub
recycled concrete,2025-03-30T16:15:58+00:00,"Temporary Debris Staging and Reduction Site - Temescal Canyon Road, Palisades [Image 4 of 23]",https://www.dvidshub.net/image/8943065/temporary-debris-staging-and-reduction-site-temescal-canyon-road-palisades,"Temescal Canyon Road is playing a key role in wildfire recovery by recycling concrete and debris while it is being used as a Temporary Debris Staging and Reduction site in Pacific Palisades, California, March 28, 2025.The U.S. Army Corps of Engineers, in collaboration with federal, state, and local partners, is working safely and quickly to remove wildfire ash and debris from nearly 13,600 homes, paving the way for community rebuilding efforts. (U.S. Army Corps of Engineers photo by Christopher Rosario)",dvidshub
recycled concrete,2025-03-30T16:15:57+00:00,"Temporary Debris Staging and Reduction Site - Temescal Canyon Road, Palisades [Image 5 of 23]",https://www.dvidshub.net/image/8943066/temporary-debris-staging-and-reduction-site-temescal-canyon-road-palisades,"Temescal Canyon Road is playing a key role in wildfire recovery by recycling concrete and debris while it is being used as a Temporary Debris Staging and Reduction site in Pacific Palisades, California, March 28, 2025.The U.S. Army Corps of Engineers, in collaboration with federal, state, and local partners, is working safely and quickly to remove wildfire ash and debris from nearly 13,600 homes, paving the way for community rebuilding efforts. (U.S. Army Corps of Engineers photo by Christopher Rosario)",dvidshub
recycled concrete,2025-02-28T22:01:06+00:00,Artificial reef construction resumes at Carolina Beach State Park,https://www.wwaytv3.com/artificial-reef-construction-resumes-at-carolina-beach-state-park/,"NC Marine Fisheries and NC Coastal Federation are collaborating to move more than 2,100 tons of recycled concrete to build an artificial reef.",wwaytv3
